Cluster,Age,Cluster
0,73.92307692307692,0.0
1,71.45517241379311,1.0
2,68.24503311258277,2.0
