Cluster,Age,Cluster
0,12.135057288064829,0.0
1,16.195021449696952,0.0
2,20.258320722579555,0.0
