Activity,Avg Remaining Time
Admission IC,42174.857142857145
Admission NC,32593.0
CRP,8192.236568096627
ER Registration,45416.83018867925
ER Sepsis Triage,45764.55223880597
ER Triage,38735.4128440367
IV Antibiotics,42911.37546468402
IV Liquid,37477.74834437086
LacticAcid,18493.636363636364
Leucocytes,8783.130148270182
Release A,29962.929061784896
Release B,41026.95652173913
Release C,31625.454545454544
Release D,29334.0
Release E,31780.0
Return ER,51050.833333333336
